﻿[
  {
    "salary": 1334,
    "SSN": "744-96-0698"
  },
  {
    "salary": 1238,
    "SSN": "140-83-1768"
  },
  {
    "salary": 1235,
    "SSN": "156-26-5134"
  },
  {
    "salary": 1453,
    "SSN": "140-78-5945"
  },
  {
    "salary": 1438,
    "SSN": "828-28-7978"
  },
  {
    "salary": 1151,
    "SSN": "240-09-4623"
  },
  {
    "salary": 1478,
    "SSN": "328-12-1423"
  },
  {
    "salary": 1470,
    "SSN": "663-56-8614"
  },
  {
    "salary": 1220,
    "SSN": "580-67-4889"
  },
  {
    "salary": 1372,
    "SSN": "277-23-4817"
  },
  {
    "salary": 1437,
    "SSN": "127-71-3971"
  },
  {
    "salary": 1333,
    "SSN": "834-64-3522"
  },
  {
    "salary": 1336,
    "SSN": "834-24-4612"
  },
  {
    "salary": 1368,
    "SSN": "663-96-7491"
  },
  {
    "salary": 1445,
    "SSN": "168-29-4056"
  },
  {
    "salary": 1060,
    "SSN": "294-98-0867"
  },
  {
    "salary": 1118,
    "SSN": "430-98-9541"
  },
  {
    "salary": 1000,
    "SSN": "649-36-3810"
  },
  {
    "salary": 1003,
    "SSN": "837-20-2346"
  },
  {
    "salary": 1110,
    "SSN": "788-55-7028"
  },
  {
    "salary": 1249,
    "SSN": "693-90-1222"
  },
  {
    "salary": 1319,
    "SSN": "721-76-6083"
  },
  {
    "salary": 1113,
    "SSN": "494-14-3795"
  },
  {
    "salary": 1095,
    "SSN": "257-61-9895"
  },
  {
    "salary": 1468,
    "SSN": "513-21-1646"
  },
  {
    "salary": 1232,
    "SSN": "311-84-4753"
  },
  {
    "salary": 1306,
    "SSN": "535-83-8067"
  },
  {
    "salary": 1200,
    "SSN": "607-47-3879"
  },
  {
    "salary": 1242,
    "SSN": "120-13-6931"
  },
  {
    "salary": 1004,
    "SSN": "499-48-5139"
  },
  {
    "salary": 1262,
    "SSN": "407-05-3595"
  },
  {
    "salary": 1152,
    "SSN": "243-11-0141"
  },
  {
    "salary": 1138,
    "SSN": "670-74-7561"
  },
  {
    "salary": 1233,
    "SSN": "842-24-8013"
  },
  {
    "salary": 1444,
    "SSN": "385-56-8575"
  },
  {
    "salary": 1256,
    "SSN": "131-45-8330"
  },
  {
    "salary": 1259,
    "SSN": "576-94-3889"
  },
  {
    "salary": 1005,
    "SSN": "235-29-4183"
  },
  {
    "salary": 1082,
    "SSN": "166-75-9457"
  },
  {
    "salary": 1344,
    "SSN": "743-16-6942"
  },
  {
    "salary": 1391,
    "SSN": "768-18-7683"
  },
  {
    "salary": 1328,
    "SSN": "345-39-3082"
  },
  {
    "salary": 1013,
    "SSN": "837-47-7018"
  },
  {
    "salary": 1343,
    "SSN": "729-56-6210"
  },
  {
    "salary": 1412,
    "SSN": "859-35-8650"
  },
  {
    "salary": 1267,
    "SSN": "207-44-8289"
  },
  {
    "salary": 1101,
    "SSN": "761-31-4179"
  },
  {
    "salary": 1479,
    "SSN": "265-23-1888"
  },
  {
    "salary": 1470,
    "SSN": "467-43-2691"
  },
  {
    "salary": 1361,
    "SSN": "594-73-9652"
  },
  {
    "salary": 1062,
    "SSN": "165-36-8285"
  },
  {
    "salary": 1363,
    "SSN": "752-28-1914"
  },
  {
    "salary": 1043,
    "SSN": "882-33-9135"
  },
  {
    "salary": 1003,
    "SSN": "167-27-2948"
  },
  {
    "salary": 1493,
    "SSN": "427-21-6693"
  },
  {
    "salary": 1052,
    "SSN": "893-28-7692"
  },
  {
    "salary": 1130,
    "SSN": "583-66-1823"
  },
  {
    "salary": 1459,
    "SSN": "759-12-5979"
  },
  {
    "salary": 1295,
    "SSN": "474-71-8836"
  },
  {
    "salary": 1255,
    "SSN": "220-55-5540"
  },
  {
    "salary": 1025,
    "SSN": "588-92-6973"
  },
  {
    "salary": 1335,
    "SSN": "228-75-7024"
  },
  {
    "salary": 1434,
    "SSN": "206-49-7720"
  },
  {
    "salary": 1118,
    "SSN": "878-43-5666"
  },
  {
    "salary": 1324,
    "SSN": "658-06-0742"
  },
  {
    "salary": 1413,
    "SSN": "346-27-1439"
  },
  {
    "salary": 1074,
    "SSN": "348-58-4709"
  },
  {
    "salary": 1374,
    "SSN": "140-08-0359"
  },
  {
    "salary": 1485,
    "SSN": "825-61-3559"
  },
  {
    "salary": 1352,
    "SSN": "127-98-9348"
  },
  {
    "salary": 1447,
    "SSN": "711-38-6652"
  },
  {
    "salary": 1313,
    "SSN": "474-18-0436"
  },
  {
    "salary": 1113,
    "SSN": "283-81-1777"
  },
  {
    "salary": 1176,
    "SSN": "489-88-3036"
  },
  {
    "salary": 1087,
    "SSN": "842-26-3435"
  },
  {
    "salary": 1135,
    "SSN": "880-04-5159"
  },
  {
    "salary": 1199,
    "SSN": "423-23-6207"
  },
  {
    "salary": 1197,
    "SSN": "753-80-4510"
  },
  {
    "salary": 1259,
    "SSN": "793-47-7684"
  },
  {
    "salary": 1467,
    "SSN": "769-82-0553"
  },
  {
    "salary": 1433,
    "SSN": "568-91-7977"
  },
  {
    "salary": 1344,
    "SSN": "861-41-6722"
  },
  {
    "salary": 1258,
    "SSN": "434-16-9179"
  },
  {
    "salary": 1373,
    "SSN": "778-69-0707"
  },
  {
    "salary": 1423,
    "SSN": "153-80-8409"
  },
  {
    "salary": 1480,
    "SSN": "775-35-5571"
  },
  {
    "salary": 1210,
    "SSN": "127-20-9507"
  },
  {
    "salary": 1337,
    "SSN": "840-18-8626"
  },
  {
    "salary": 1235,
    "SSN": "500-67-7896"
  },
  {
    "salary": 1228,
    "SSN": "632-22-0935"
  },
  {
    "salary": 1144,
    "SSN": "796-74-1368"
  },
  {
    "salary": 1199,
    "SSN": "656-42-0592"
  },
  {
    "salary": 1494,
    "SSN": "342-48-4795"
  },
  {
    "salary": 1376,
    "SSN": "407-86-2434"
  },
  {
    "salary": 1498,
    "SSN": "285-63-7837"
  },
  {
    "salary": 1137,
    "SSN": "856-72-7484"
  },
  {
    "salary": 1171,
    "SSN": "199-71-5446"
  },
  {
    "salary": 1415,
    "SSN": "135-78-6720"
  },
  {
    "salary": 1247,
    "SSN": "271-58-3172"
  },
  {
    "salary": 1251,
    "SSN": "639-14-8618"
  }
]