﻿[
  {
    "id": "497d9179-af89-499c-a534-973c08c1fbc4",
    "firstName": "Titos",
    "lastName": "Scrooby",
    "userName": "tscrooby0",
    "identificationNumber": "659-70-8141"
  },
  {
    "id": "880b8b36-c268-4885-b27d-f4f52811f753",
    "firstName": "Pippo",
    "lastName": "Achrameev",
    "userName": "pachrameev1",
    "identificationNumber": "647-60-0438"
  },
  {
    "id": "af05caf1-4a80-44e9-bc0d-11f768791482",
    "firstName": "Wernher",
    "lastName": "Gatch",
    "userName": "wgatch2",
    "identificationNumber": "159-10-1250"
  },
  {
    "id": "e859f165-1723-4f23-9aa1-5c48c7813c49",
    "firstName": "Deloris",
    "lastName": "Wellman",
    "userName": "dwellman3",
    "identificationNumber": "581-81-1494"
  },
  {
    "id": "c72efab4-23f0-40be-bac0-ab652dbbe306",
    "firstName": "Kimbell",
    "lastName": "Rediers",
    "userName": "krediers4",
    "identificationNumber": "213-83-2119"
  },
  {
    "id": "f90ca422-0399-40c3-b2a1-0b8cb8647f24",
    "firstName": "Farris",
    "lastName": "Bamfield",
    "userName": "fbamfield5",
    "identificationNumber": "171-45-7532"
  },
  {
    "id": "b1bb31f8-c769-4e96-b4fd-8e7d00979730",
    "firstName": "Frasier",
    "lastName": "Ruggles",
    "userName": "fruggles6",
    "identificationNumber": "547-29-0678"
  },
  {
    "id": "ff71a9b6-e116-46d1-8868-d0e32f2c523c",
    "firstName": "Steward",
    "lastName": "Clancey",
    "userName": "sclancey7",
    "identificationNumber": "371-14-9653"
  },
  {
    "id": "78b947b9-4059-485d-b4cf-a88a866e6de3",
    "firstName": "Cleopatra",
    "lastName": "Goshawk",
    "userName": "cgoshawk8",
    "identificationNumber": "189-56-3855"
  },
  {
    "id": "b75471a8-6b32-434a-a07e-6daad71ce09f",
    "firstName": "Pauly",
    "lastName": "Perillo",
    "userName": "pperillo9",
    "identificationNumber": "884-57-1947"
  },
  {
    "id": "0179192a-284c-4259-b4b5-ae389c6a2b2c",
    "firstName": "Roldan",
    "lastName": "Stedall",
    "userName": "rstedalla",
    "identificationNumber": "401-79-1432"
  },
  {
    "id": "d79b3a4f-6371-40ff-b33f-9276cc2babaa",
    "firstName": "Helenka",
    "lastName": "O'Spellissey",
    "userName": "hospellisseyb",
    "identificationNumber": "723-78-8700"
  },
  {
    "id": "d29f3c33-9bd7-4c7e-8d95-c6e6e2765179",
    "firstName": "Aridatha",
    "lastName": "Jeenes",
    "userName": "ajeenesc",
    "identificationNumber": "553-31-2047"
  },
  {
    "id": "65b1f600-fd70-4aaf-810c-914a1564d302",
    "firstName": "Mehetabel",
    "lastName": "Brogan",
    "userName": "mbrogand",
    "identificationNumber": "255-22-6902"
  },
  {
    "id": "c1fe0c78-6e62-4ee1-9014-5446c4bc1358",
    "firstName": "Nial",
    "lastName": "Hinchon",
    "userName": "nhinchone",
    "identificationNumber": "186-41-5165"
  },
  {
    "id": "e196246c-f56c-4e4b-a99a-38ccd4f36714",
    "firstName": "Vassily",
    "lastName": "Isselee",
    "userName": "visseleef",
    "identificationNumber": "695-71-2759"
  },
  {
    "id": "d188c742-e856-4bee-bb5d-bd93e2da8ebb",
    "firstName": "Myra",
    "lastName": "Rawsthorne",
    "userName": "mrawsthorneg",
    "identificationNumber": "226-79-6411"
  },
  {
    "id": "59c460a9-79cd-408a-a6ba-e1463b39fab0",
    "firstName": "Debby",
    "lastName": "Flagg",
    "userName": "dflaggh",
    "identificationNumber": "779-84-9122"
  },
  {
    "id": "f84b1542-6f4a-4677-9e3a-0deca95c14e4",
    "firstName": "Ransell",
    "lastName": "Rann",
    "userName": "rranni",
    "identificationNumber": "665-74-5810"
  },
  {
    "id": "02cc6106-9c6b-4bd0-a2a1-1bff13900180",
    "firstName": "Kellia",
    "lastName": "McFadin",
    "userName": "kmcfadinj",
    "identificationNumber": "755-89-5582"
  },
  {
    "id": "2c022dc1-a725-4653-957e-2b485e3ecb8a",
    "firstName": "Efren",
    "lastName": "Plane",
    "userName": "eplanek",
    "identificationNumber": "207-65-7668"
  },
  {
    "id": "75d84614-83ab-42cc-8a8e-7755aa5edb50",
    "firstName": "Harvey",
    "lastName": "Jurasek",
    "userName": "hjurasekl",
    "identificationNumber": "806-47-3078"
  },
  {
    "id": "85bdc10e-5184-4675-a9dd-25100b3ad1e8",
    "firstName": "Grady",
    "lastName": "Sweetlove",
    "userName": "gsweetlovem",
    "identificationNumber": "687-88-1608"
  },
  {
    "id": "77e949fe-843e-46d1-a801-78efebbdc952",
    "firstName": "Willamina",
    "lastName": "Tatum",
    "userName": "wtatumn",
    "identificationNumber": "539-52-1452"
  },
  {
    "id": "32c5e4ab-47b9-4575-9c59-5267b500866a",
    "firstName": "Alina",
    "lastName": "Frampton",
    "userName": "aframptono",
    "identificationNumber": "687-67-0303"
  },
  {
    "id": "647c1c71-eab4-41ac-b994-0093155b1401",
    "firstName": "Willis",
    "lastName": "Darrel",
    "userName": "wdarrelp",
    "identificationNumber": "769-63-7781"
  },
  {
    "id": "4f4248d2-02e1-4230-82c8-a21d4f5080e0",
    "firstName": "Porty",
    "lastName": "Russo",
    "userName": "prussoq",
    "identificationNumber": "103-25-1323"
  },
  {
    "id": "35e59f1a-e76d-4e79-8825-52af0d7d983a",
    "firstName": "Gertrud",
    "lastName": "Stidston",
    "userName": "gstidstonr",
    "identificationNumber": "178-57-7338"
  },
  {
    "id": "047cca62-4feb-40df-b08d-0ef0110defac",
    "firstName": "Juliann",
    "lastName": "Piegrome",
    "userName": "jpiegromes",
    "identificationNumber": "514-31-5638"
  },
  {
    "id": "624a8f4b-9074-4500-bd96-37cafe21f097",
    "firstName": "Gwynne",
    "lastName": "Headey",
    "userName": "gheadeyt",
    "identificationNumber": "761-40-5468"
  },
  {
    "id": "2a9b7e41-aed0-49ca-a506-f37c2efa74ed",
    "firstName": "Hatty",
    "lastName": "Mockett",
    "userName": "hmockettu",
    "identificationNumber": "314-04-0701"
  },
  {
    "id": "bbae038b-afb2-4dff-bdde-e14b6b7339be",
    "firstName": "Gustie",
    "lastName": "Streader",
    "userName": "gstreaderv",
    "identificationNumber": "825-33-3409"
  },
  {
    "id": "3a75013e-fbf2-4093-8ce7-854fa29624dc",
    "firstName": "Dacey",
    "lastName": "Bony",
    "userName": "dbonyw",
    "identificationNumber": "565-72-9621"
  },
  {
    "id": "e9157553-195f-44bd-b057-4ca4f16f72e3",
    "firstName": "Christel",
    "lastName": "Danit",
    "userName": "cdanitx",
    "identificationNumber": "599-39-6276"
  },
  {
    "id": "8bf3096d-9131-4472-bcde-6a47bbe263a8",
    "firstName": "Doll",
    "lastName": "Rowet",
    "userName": "drowety",
    "identificationNumber": "721-11-0973"
  },
  {
    "id": "7e6b76e5-0e72-4c2a-b96e-7226a7ac4eca",
    "firstName": "Drusi",
    "lastName": "Mielnik",
    "userName": "dmielnikz",
    "identificationNumber": "299-11-7667"
  },
  {
    "id": "601fbe71-e057-4045-972c-c5660dc96e32",
    "firstName": "Frants",
    "lastName": "Zannolli",
    "userName": "fzannolli10",
    "identificationNumber": "118-88-3550"
  },
  {
    "id": "4623933c-1e96-4e24-b4e4-e0525e318cf2",
    "firstName": "Grethel",
    "lastName": "Kiddye",
    "userName": "gkiddye11",
    "identificationNumber": "480-23-4936"
  },
  {
    "id": "4c291bf1-6d65-43eb-8a3c-33a33b63a59e",
    "firstName": "Kalli",
    "lastName": "Camacho",
    "userName": "kcamacho12",
    "identificationNumber": "304-72-0065"
  },
  {
    "id": "220306f2-b9be-4bce-9507-5b773de3e3d6",
    "firstName": "Shelagh",
    "lastName": "Keneford",
    "userName": "skeneford13",
    "identificationNumber": "464-21-2914"
  },
  {
    "id": "37dd092a-5dca-4708-a090-92759c8502ee",
    "firstName": "Clayson",
    "lastName": "Vial",
    "userName": "cvial14",
    "identificationNumber": "343-50-0520"
  },
  {
    "id": "696c8043-75c8-4fcf-9ff2-703f3cad7c74",
    "firstName": "Candide",
    "lastName": "Espadas",
    "userName": "cespadas15",
    "identificationNumber": "377-67-5241"
  },
  {
    "id": "2ba4bcd6-ae3b-4d67-a105-f8da1d7b27a5",
    "firstName": "Joanie",
    "lastName": "Cokly",
    "userName": "jcokly16",
    "identificationNumber": "420-45-3947"
  },
  {
    "id": "537a1e77-8dd2-449b-9df3-2918a311d10d",
    "firstName": "Marty",
    "lastName": "Spleving",
    "userName": "mspleving17",
    "identificationNumber": "233-40-0878"
  },
  {
    "id": "1a08f30f-71b8-4ae6-8241-464b43bb850c",
    "firstName": "Elie",
    "lastName": "Mazin",
    "userName": "emazin18",
    "identificationNumber": "179-80-3257"
  },
  {
    "id": "b7237d88-af6e-4bd2-bc79-4f437d01971a",
    "firstName": "Chico",
    "lastName": "Hallford",
    "userName": "challford19",
    "identificationNumber": "232-57-8710"
  },
  {
    "id": "b105557d-9e08-405c-b23c-0708e6c88d3b",
    "firstName": "Worden",
    "lastName": "Ruprich",
    "userName": "wruprich1a",
    "identificationNumber": "821-94-8362"
  },
  {
    "id": "7e2a42ac-6998-4247-8500-9be973ee8560",
    "firstName": "Elroy",
    "lastName": "Sainsberry",
    "userName": "esainsberry1b",
    "identificationNumber": "328-11-6642"
  },
  {
    "id": "76c27ae0-c7c6-4b06-b768-62082bc4ca13",
    "firstName": "Bryana",
    "lastName": "Nisby",
    "userName": "bnisby1c",
    "identificationNumber": "783-85-5449"
  },
  {
    "id": "802d872a-782c-4645-95a6-71f18b5bbcc7",
    "firstName": "Truman",
    "lastName": "Selvey",
    "userName": "tselvey1d",
    "identificationNumber": "241-34-5634"
  },
  {
    "id": "fc2c91d0-53c3-4cf9-b03d-035da92fd610",
    "firstName": "Gianni",
    "lastName": "McLelland",
    "userName": "gmclelland1e",
    "identificationNumber": "542-75-3846"
  },
  {
    "id": "85c48c77-17dd-4085-8057-50aafd7afc7f",
    "firstName": "Joanna",
    "lastName": "Tomasi",
    "userName": "jtomasi1f",
    "identificationNumber": "296-62-0664"
  },
  {
    "id": "6f475c9a-c250-455d-9e36-59f649f4824c",
    "firstName": "Joel",
    "lastName": "Dayce",
    "userName": "jdayce1g",
    "identificationNumber": "409-49-1108"
  },
  {
    "id": "f1186fec-ded7-46eb-957e-0cb712b3f41e",
    "firstName": "Isidor",
    "lastName": "Verne",
    "userName": "iverne1h",
    "identificationNumber": "610-73-8826"
  },
  {
    "id": "ac426531-82c9-40cb-86b4-9cd1d2ce22e2",
    "firstName": "Sandro",
    "lastName": "McGawn",
    "userName": "smcgawn1i",
    "identificationNumber": "201-07-7005"
  },
  {
    "id": "dffbcffd-2112-4bdd-889a-64dd9e3e794e",
    "firstName": "Brett",
    "lastName": "Tewkesbury",
    "userName": "btewkesbury1j",
    "identificationNumber": "169-52-8495"
  },
  {
    "id": "dda800c6-3100-4e65-93c0-7efc4ac024db",
    "firstName": "Bogey",
    "lastName": "Da Costa",
    "userName": "bdacosta1k",
    "identificationNumber": "710-69-7980"
  },
  {
    "id": "484d5f1c-ffae-498f-899b-e5446a7b27fb",
    "firstName": "Ferris",
    "lastName": "Chalcroft",
    "userName": "fchalcroft1l",
    "identificationNumber": "622-64-3807"
  },
  {
    "id": "4d614b16-7c13-4594-bd82-c44b3fe71e24",
    "firstName": "Phaedra",
    "lastName": "Shorrock",
    "userName": "pshorrock1m",
    "identificationNumber": "676-42-6145"
  },
  {
    "id": "2f171216-77e4-4b04-a4c5-3bab70f41897",
    "firstName": "Selle",
    "lastName": "Vlasyuk",
    "userName": "svlasyuk1n",
    "identificationNumber": "113-93-6477"
  },
  {
    "id": "5445b9c9-b775-49a1-ad9c-3f565999c958",
    "firstName": "Skylar",
    "lastName": "Salliere",
    "userName": "ssalliere1o",
    "identificationNumber": "125-46-3704"
  },
  {
    "id": "43f65029-720a-4e01-af63-973178d570d8",
    "firstName": "Berna",
    "lastName": "Valens-Smith",
    "userName": "bvalenssmith1p",
    "identificationNumber": "812-46-3500"
  },
  {
    "id": "d2f1638b-d7d0-49b6-95cd-5c56102fcf8f",
    "firstName": "Lilith",
    "lastName": "Cardo",
    "userName": "lcardo1q",
    "identificationNumber": "330-40-7326"
  },
  {
    "id": "59673019-8f76-4a5a-a253-26e03745bfa4",
    "firstName": "Sela",
    "lastName": "Toulch",
    "userName": "stoulch1r",
    "identificationNumber": "639-40-1168"
  },
  {
    "id": "d2e6779c-7ddb-4a48-8d4e-a3d21e1f2ca4",
    "firstName": "Doro",
    "lastName": "Condict",
    "userName": "dcondict1s",
    "identificationNumber": "151-37-7648"
  },
  {
    "id": "e45cb8b8-e2c7-4d09-a46f-d0a2288f3d88",
    "firstName": "Jordan",
    "lastName": "Pendre",
    "userName": "jpendre1t",
    "identificationNumber": "213-27-1469"
  },
  {
    "id": "6f6cb177-665d-4ce6-b153-06df0efc7c23",
    "firstName": "Greer",
    "lastName": "Clarycott",
    "userName": "gclarycott1u",
    "identificationNumber": "853-01-7271"
  },
  {
    "id": "d25c95a6-7d47-4c16-a9da-dbc0fffc799f",
    "firstName": "Cherie",
    "lastName": "Sheilds",
    "userName": "csheilds1v",
    "identificationNumber": "149-44-7478"
  },
  {
    "id": "4e30c723-f26b-40d2-8868-2d69751543d1",
    "firstName": "Marrissa",
    "lastName": "Headingham",
    "userName": "mheadingham1w",
    "identificationNumber": "469-15-3094"
  },
  {
    "id": "4f02b9fb-4c4b-4a53-acd5-e5a7cd31a765",
    "firstName": "Cody",
    "lastName": "Chelsom",
    "userName": "cchelsom1x",
    "identificationNumber": "481-11-0792"
  },
  {
    "id": "270eb9e1-4c7c-4cf8-8170-6b1e3203cd07",
    "firstName": "Christabella",
    "lastName": "Gritsaev",
    "userName": "cgritsaev1y",
    "identificationNumber": "708-85-0281"
  },
  {
    "id": "1580a69c-f0a6-4466-84ae-8d8972e92a33",
    "firstName": "Felipa",
    "lastName": "Farens",
    "userName": "ffarens1z",
    "identificationNumber": "326-52-8846"
  },
  {
    "id": "7556a2e8-6364-4583-bf77-f42e64f8fb79",
    "firstName": "Bord",
    "lastName": "Vevers",
    "userName": "bvevers20",
    "identificationNumber": "290-01-1379"
  },
  {
    "id": "0ef14aa8-6da1-465e-95d8-0b1c3665b165",
    "firstName": "Addia",
    "lastName": "Fairhead",
    "userName": "afairhead21",
    "identificationNumber": "865-34-2935"
  },
  {
    "id": "2b718c54-8d43-4117-ab5f-d8050a2a5fc1",
    "firstName": "Donella",
    "lastName": "Stanton",
    "userName": "dstanton22",
    "identificationNumber": "217-39-1782"
  },
  {
    "id": "e59b3aa2-93ad-4c44-96a0-913276228618",
    "firstName": "Chantalle",
    "lastName": "Sesser",
    "userName": "csesser23",
    "identificationNumber": "306-45-9824"
  },
  {
    "id": "f358efcd-3c06-4111-a8b2-3ff9b6ec7f53",
    "firstName": "Dore",
    "lastName": "Bardell",
    "userName": "dbardell24",
    "identificationNumber": "546-41-4085"
  },
  {
    "id": "9725f9a8-46d0-4782-96cc-94a17d930ef5",
    "firstName": "Ingrim",
    "lastName": "Agg",
    "userName": "iagg25",
    "identificationNumber": "442-88-2535"
  },
  {
    "id": "3028568d-5de7-4949-9a5e-b4c716371dad",
    "firstName": "Benjy",
    "lastName": "Flaverty",
    "userName": "bflaverty26",
    "identificationNumber": "407-66-5463"
  },
  {
    "id": "bd47a618-5a63-4eb2-b775-5af002394623",
    "firstName": "Leland",
    "lastName": "Wellwood",
    "userName": "lwellwood27",
    "identificationNumber": "212-57-7815"
  },
  {
    "id": "6047c7d0-6789-4f86-9ca7-f36a68abc119",
    "firstName": "Pattin",
    "lastName": "Corzon",
    "userName": "pcorzon28",
    "identificationNumber": "254-53-2499"
  },
  {
    "id": "4e367778-da5f-46d8-9a29-833f8e23fac6",
    "firstName": "Aharon",
    "lastName": "Garcia",
    "userName": "agarcia29",
    "identificationNumber": "493-11-1411"
  },
  {
    "id": "9ef89d25-82e2-4142-b012-d2ba102ce900",
    "firstName": "Lorenza",
    "lastName": "Poskitt",
    "userName": "lposkitt2a",
    "identificationNumber": "514-18-1179"
  },
  {
    "id": "b44e2968-9a69-4540-9418-92954817241f",
    "firstName": "Frankie",
    "lastName": "Kivell",
    "userName": "fkivell2b",
    "identificationNumber": "261-01-8664"
  },
  {
    "id": "f35dea83-75a6-4ec2-8c90-2d16a6756626",
    "firstName": "Sherry",
    "lastName": "Hassell",
    "userName": "shassell2c",
    "identificationNumber": "811-50-8272"
  },
  {
    "id": "62997b8b-48d3-4e4a-bcf1-97e35c09f342",
    "firstName": "Celestina",
    "lastName": "Vinau",
    "userName": "cvinau2d",
    "identificationNumber": "780-03-7614"
  },
  {
    "id": "3343e7eb-6857-404c-a1cc-1db6f8df9b7e",
    "firstName": "Pen",
    "lastName": "Joseff",
    "userName": "pjoseff2e",
    "identificationNumber": "277-57-7052"
  },
  {
    "id": "db136302-afe4-4b95-b56d-7c5c59e4ad52",
    "firstName": "Isadora",
    "lastName": "Shakesbye",
    "userName": "ishakesbye2f",
    "identificationNumber": "513-18-4161"
  },
  {
    "id": "c059efcb-3d4b-4678-9408-ef2fa254b750",
    "firstName": "Cristen",
    "lastName": "Garbert",
    "userName": "cgarbert2g",
    "identificationNumber": "516-22-0618"
  },
  {
    "id": "42bac15c-29bd-4ee9-bbbb-7c1cae76628a",
    "firstName": "Arlin",
    "lastName": "Geddes",
    "userName": "ageddes2h",
    "identificationNumber": "103-35-0558"
  },
  {
    "id": "4a02a36c-4280-47bf-a879-ce78d3a8642c",
    "firstName": "Giorgio",
    "lastName": "Rebbeck",
    "userName": "grebbeck2i",
    "identificationNumber": "851-47-2921"
  },
  {
    "id": "004aaea3-3e88-4c1c-96dd-9235950f2936",
    "firstName": "Kizzie",
    "lastName": "Bellini",
    "userName": "kbellini2j",
    "identificationNumber": "623-31-4420"
  },
  {
    "id": "a5eacd0d-203b-48bc-87ee-279a306c1efe",
    "firstName": "Livy",
    "lastName": "Merigot",
    "userName": "lmerigot2k",
    "identificationNumber": "602-27-4881"
  },
  {
    "id": "2d81b502-65f6-4183-b18e-1f829faab725",
    "firstName": "Guillermo",
    "lastName": "Leeves",
    "userName": "gleeves2l",
    "identificationNumber": "285-41-6390"
  },
  {
    "id": "441ebc5f-0e99-4af1-aae4-0a30a1fb1027",
    "firstName": "Augusta",
    "lastName": "Sparrowhawk",
    "userName": "asparrowhawk2m",
    "identificationNumber": "850-96-4008"
  },
  {
    "id": "4ac0a45c-ff71-4026-80cc-98c88e29d980",
    "firstName": "Gothart",
    "lastName": "Idale",
    "userName": "gidale2n",
    "identificationNumber": "412-01-3406"
  },
  {
    "id": "1b22c12e-38fd-4ade-8c18-ef221c707c8e",
    "firstName": "Hadley",
    "lastName": "Geal",
    "userName": "hgeal2o",
    "identificationNumber": "746-52-0418"
  },
  {
    "id": "93b779bb-a738-4f05-b48c-e3e764d3dc46",
    "firstName": "Shaun",
    "lastName": "O' Cloney",
    "userName": "socloney2p",
    "identificationNumber": "347-61-2001"
  },
  {
    "id": "2e4412a5-f281-42be-b03f-61d9baac5233",
    "firstName": "Bertine",
    "lastName": "Hoppner",
    "userName": "bhoppner2q",
    "identificationNumber": "168-17-5889"
  },
  {
    "id": "e66f59da-11fa-42a1-a2e2-fa93e71da51a",
    "firstName": "Marshal",
    "lastName": "Cogar",
    "userName": "mcogar2r",
    "identificationNumber": "263-53-1747"
  }
]